Name,Team,Pos,Age,HR,BB/K,xwOBA,wRC+,Spd,WAR,DRS,OAA
Anthony Rizzo,NYY,1B,32,32,0.57,0.349,133,3.7,2.4,-3,-2
Bobby Dalbec,BOS,1B,27,12,0.25,0.296,80,5,-0.1,-6,-1
C.J. Cron,COL,1B,32,29,0.26,0.321,101,2.4,1.3,5,0
Carlos Santana,- - -,1B,36,19,0.81,0.352,102,1,1,3,3
Christian Walker,ARI,1B,31,36,0.53,0.359,122,2.7,4.1,17,14
Eric Hosmer,- - -,1B,32,8,0.58,0.311,104,0.9,0.3,-5,-2
Freddie Freeman,LAD,1B,32,21,0.82,0.403,157,4.8,7.1,-2,3
Garrett Cooper,MIA,1B,31,9,0.34,0.341,115,1.8,1.4,-4,1
Harold Castro,DET,1B,28,7,0.22,0.316,94,2.2,-0.4,-1,-2
Jared Walsh,LAA,1B,28,15,0.2,0.28,78,3.2,-0.6,-2,0
Jesus Aguilar,- - -,1B,32,16,0.24,0.298,86,1.5,-0.4,-5,0
Ji-Man Choi,TBR,1B,31,11,0.47,0.337,116,0.7,1.3,-2,2
Joey Votto,CIN,1B,38,11,0.45,0.322,92,1.5,-0.9,-2,-9
Jose Abreu,CHW,1B,35,15,0.56,0.373,138,1.4,3.9,1,0
Jose Miranda,MIN,1B,24,15,0.31,0.317,117,1.5,1.1,-6,-4
Josh Bell,- - -,1B,29,17,0.79,0.349,123,2.4,2,-1,-4
Josh Naylor,CLE,1B,25,20,0.48,0.327,117,2.9,1.7,1,3
Luis Arraez,MIN,1B,25,8,1.16,0.333,131,3,3.2,4,1
Matt Olson,ATL,1B,28,34,0.44,0.347,120,1.2,3.1,6,2
Michael Chavis,PIT,1B,26,14,0.15,0.261,80,3.3,-0.6,2,-2
Nathaniel Lowe,TEX,1B,26,27,0.33,0.344,143,2.7,3,-9,-11
Owen Miller,CLE,1B,25,6,0.34,0.291,85,3.6,0.6,1,3
Paul Goldschmidt,STL,1B,34,35,0.56,0.367,177,3.6,7.1,2,-6
Pete Alonso,NYM,1B,27,40,0.52,0.354,143,2.9,4,-2,-7
Rhys Hoskins,PHI,1B,29,30,0.43,0.338,122,2.8,2.2,3,-6
Rowdy Tellez,MIL,1B,27,35,0.51,0.349,110,1.8,0.8,-6,-4
Ryan Mountcastle,BAL,1B,25,22,0.28,0.362,106,3,1.6,1,2
Seth Brown,OAK,1B,29,25,0.35,0.338,117,4.7,1.8,0,-3
Spencer Torkelson,DET,1B,22,8,0.37,0.305,76,2.4,-1,-3,-1
Ty France,SEA,1B,27,20,0.37,0.321,126,1.5,2.4,2,-2
Vladimir Guerrero Jr.,TOR,1B,23,32,0.5,0.348,132,3.1,2.8,3,-4
Yuli Gurriel,HOU,1B,38,8,0.41,0.271,85,3.8,-0.9,-2,-9